Планшет Apple iPad Pro 12.9 256 Gb,114843,https://svetofor.info/images/thumbnails/300/300/detailed/301/planshet-jeppl-ipad-pro-129-256-gb-1.jpg
Планшет Apple iPad Pro 12.9 5G 256 Gb,123978,https://svetofor.info/images/thumbnails/300/300/detailed/301/planshet-jeppl-ipad-pro-129-5g-256-gb-1.jpg
Планшет Apple iPad Pro 11 М2 (2022) 256 Gb серебристый,101357,https://svetofor.info/images/thumbnails/300/300/detailed/301/planshet-jeppl-ipad-pro-11-m2-2022-256-gb-serebristyj-1.jpg
Планшет Apple iPad Pro 11 М2 (2022) 256 Gb космический серый,101357,https://svetofor.info/images/thumbnails/300/300/detailed/301/planshet-jeppl-ipad-pro-11-m2-2022-256-gb-kosmicheskij-seryj-1.jpg
Планшет Apple iPad Pro 11 М2 (2022) 128 Gb серый,90917,https://svetofor.info/images/thumbnails/300/300/detailed/301/planshet-jeppl-ipad-pro-11-m2-2022-128-gb-seryj-1.jpg
Планшет Apple iPad Pro 11 М2 (2022) 128 Gb серебристый,90917,https://svetofor.info/images/thumbnails/300/300/detailed/301/planshet-jeppl-ipad-pro-11-m2-2022-128-gb-serebristyj-1.jpg
Планшет Apple iPad 10 64 Gb,45241,https://svetofor.info/images/thumbnails/300/300/detailed/301/planshet-jeppl-ipad-10-64-gb-1.jpg
Планшет Apple iPad Pro 11 (2022) 256 Gb космический серый,87872,https://svetofor.info/images/thumbnails/300/300/detailed/301/planshet-jeppl-ipad-pro-11-2022-256-gb-kosmicheskij-seryj-1.jpg
Планшет Apple iPad Pro 11 (2022) 256 Gb серебристый,87872,https://svetofor.info/images/thumbnails/300/300/detailed/301/planshet-jeppl-ipad-pro-11-2022-256-gb-serebristyj-1.jpg
Планшет Apple iPad Pro 11 (2022) 128 Gb серебристый,76127,https://svetofor.info/images/thumbnails/300/300/detailed/301/planshet-jeppl-ipad-pro-11-2022-128-gb-serebristyj-1.jpg
Планшет Apple iPad Pro 11 (2022) 128 Gb космический серый,76127,https://svetofor.info/images/thumbnails/300/300/detailed/301/planshet-jeppl-ipad-pro-11-2022-128-gb-kosmicheskij-seryj-1.jpg
Ноутбук Foxcon Silver 15.6 ' Intel Celeron J3455 8 Gb DDR4 128 Gb SSD Intel HD Graphics,0,https://svetofor.info/images/thumbnails/300/300/detailed/300/noutbuk-foxcon-silver-156-intel-celeron-j3455-8-gb-ddr4-128-gb-ssd-intel-hd-graphics-1.jpg
Ноутбук Foxcon Silver 15.6 ' Intel Celeron J3455 8 Gb DDR4 256 Gb SSD Intel HD Graphics,0,https://svetofor.info/images/thumbnails/300/300/detailed/300/noutbuk-foxcon-silver-156-intel-celeron-j3455-8-gb-ddr4-256-gb-ssd-intel-hd-graphics-1.jpg
Ноутбук Foxcon Silver 15.6 ' Intel Celeron J3455 8 Gb DDR4 500 Gb Intel HD Graphics,0,https://svetofor.info/images/thumbnails/300/300/detailed/300/noutbuk-foxcon-silver-156-intel-celeron-j3455-8-gb-ddr4-500-gb-intel-hd-graphics-1.jpg
Ноутбук Foxcon Silver 15.6 ' Intel Celeron J3455 8 Gb DDR4 1000 Gb Intel HD Graphics,0,https://svetofor.info/images/thumbnails/300/300/detailed/300/noutbuk-foxcon-silver-156-intel-celeron-j3455-8-gb-ddr4-1000-gb-intel-hd-graphics-1.jpg
Ноутбук Foxcon Silver 15.6 ' Intel Celeron J4115 8 Gb DDR4 128 Gb SSD Intel HD Graphics,0,https://svetofor.info/images/thumbnails/300/300/detailed/300/noutbuk-foxcon-silver-156-intel-celeron-j4115-8-gb-ddr4-128-gb-ssd-intel-hd-graphics-1.jpg
